-- phpMyAdmin SQL Dump
-- version 4.6.5.2
-- https://www.phpmyadmin.net/
--
-- Хост: 127.0.0.1:3306
-- Время создания: Июн 09 2018 г., 22:46
-- Версия сервера: 5.6.34-log
-- Версия PHP: 5.6.29

SET SQL_MODE = "NO_AUTO_VALUE_ON_ZERO";
SET time_zone = "+00:00";


/*!40101 SET @OLD_CHARACTER_SET_CLIENT=@@CHARACTER_SET_CLIENT */;
/*!40101 SET @OLD_CHARACTER_SET_RESULTS=@@CHARACTER_SET_RESULTS */;
/*!40101 SET @OLD_COLLATION_CONNECTION=@@COLLATION_CONNECTION */;
/*!40101 SET NAMES utf8mb4 */;

--
-- База данных: `network`
--

-- --------------------------------------------------------

--
-- Структура таблицы `comments`
--

CREATE TABLE `comments` (
  `id` int(11) NOT NULL,
  `user_id` int(11) NOT NULL,
  `post_id` int(11) NOT NULL,
  `text` text NOT NULL
) ENGINE=InnoDB DEFAULT CHARSET=utf8;

--
-- Дамп данных таблицы `comments`
--

INSERT INTO `comments` (`id`, `user_id`, `post_id`, `text`) VALUES
(120, 16, 37, 'klnlkn\r\n'),
(121, 16, 37, 'klnlkn\r\n'),
(122, 16, 37, 'wedwed'),
(123, 16, 37, 'wedwed'),
(124, 16, 37, 'wedwed'),
(125, 16, 37, 'wedwed'),
(126, 16, 37, 'wedwed'),
(127, 16, 37, 'wedwed'),
(128, 16, 37, 'wedwed'),
(129, 16, 37, 'wedwed'),
(130, 16, 37, 'wedwed'),
(131, 16, 37, 'wedwed'),
(132, 16, 37, 'wedwed'),
(133, 16, 37, 'wedwed'),
(134, 16, 37, 'wedwed'),
(135, 16, 37, 'wedwed'),
(136, 16, 37, 'wedwed'),
(137, 16, 37, 'wedwed'),
(138, 16, 37, 'wedwed'),
(139, 16, 37, 'wedwed'),
(140, 16, 37, 'wedwed'),
(141, 16, 37, 'wedwed'),
(142, 16, 37, 'wedwed'),
(143, 16, 37, 'wedwed'),
(144, 16, 37, 'wedwed'),
(145, 16, 61, '1234'),
(146, 16, 61, '1234'),
(147, 16, 83, 'аснпмгритол');

-- --------------------------------------------------------

--
-- Структура таблицы `friends`
--

CREATE TABLE `friends` (
  `id` int(11) NOT NULL,
  `user_id` int(4) NOT NULL,
  `friend_id` int(4) NOT NULL
) ENGINE=InnoDB DEFAULT CHARSET=utf8;

--
-- Дамп данных таблицы `friends`
--

INSERT INTO `friends` (`id`, `user_id`, `friend_id`) VALUES
(1, 1, 4),
(2, 1, 4),
(3, 1, 4),
(4, 1, 4),
(5, 1, 5),
(6, 1, 8),
(7, 1, 7),
(8, 5, 1),
(9, 4, 3),
(10, 4, 6),
(11, 14, 1),
(12, 14, 4),
(13, 14, 4),
(14, 14, 1),
(15, 14, 1),
(16, 14, 1),
(17, 14, 7),
(18, 14, 7),
(19, 14, 10),
(20, 14, 12),
(21, 15, 14),
(22, 14, 15),
(23, 16, 9),
(24, 16, 11),
(25, 16, 17),
(26, 17, 16),
(27, 16, 18),
(28, 19, 18),
(29, 19, 16),
(30, 19, 1),
(31, 16, 19),
(32, 16, 5),
(33, 16, 10),
(34, 16, 3),
(35, 16, 14),
(36, 16, 1),
(37, 16, 20);

-- --------------------------------------------------------

--
-- Структура таблицы `messages`
--

CREATE TABLE `messages` (
  `id` int(11) NOT NULL,
  `data` timestamp NOT NULL DEFAULT CURRENT_TIMESTAMP ON UPDATE CURRENT_TIMESTAMP,
  `u_from` int(11) NOT NULL,
  `u_to` int(11) NOT NULL,
  `message` text NOT NULL,
  `flag` int(11) NOT NULL DEFAULT '0'
) ENGINE=InnoDB DEFAULT CHARSET=utf8;

--
-- Дамп данных таблицы `messages`
--

INSERT INTO `messages` (`id`, `data`, `u_from`, `u_to`, `message`, `flag`) VALUES
(1, '2018-04-20 11:52:17', 1, 1, 'asdasdasdasd222222222222222', 1),
(2, '2018-04-17 17:36:49', 1, 1, '12345', 0),
(3, '2018-04-17 17:37:26', 1, 1, '12345', 0),
(4, '2018-04-20 11:54:08', 1, 1, '12345', 1),
(5, '2018-04-17 17:39:35', 1, 1, '12345', 0),
(6, '2018-04-17 17:39:35', 1, 1, '12345', 0),
(7, '2018-04-19 22:26:02', 1, 1, 'qqqqqqqqqqqqqqqqqqqqqqqq', 1),
(8, '2018-04-17 17:39:44', 1, 1, 'qqqqqqqqqqqqqqqqqqqqqqqq', 0),
(9, '2018-04-17 17:40:02', 1, 1, 'qqqqqqqqqqqqqqqqqqqqqqqq', 0),
(10, '2018-04-17 17:40:12', 1, 1, 'asdasdasdasdasdasdasd', 0),
(11, '2018-04-17 17:40:37', 1, 1, 'asdasdasdasdasdasdasd', 0),
(12, '2018-04-17 17:40:48', 1, 1, 'addddddddddddddddddddddddddddddddddd', 0),
(13, '2018-04-17 17:43:07', 1, 1, 'qqqqqqqqqqqqqqqqqqqqqqqq', 0),
(14, '2018-04-20 12:11:05', 1, 1, 'qqqqqqqqqqqqqqqqqqqqqqqq', 1),
(15, '2018-04-20 12:10:36', 1, 1, 'qqqqqqqqqqqqqqqqqqqqqqqq', 1),
(16, '2018-04-17 17:43:50', 1, 1, 'qqqqqqqqqqqqqqqqqqqqqqqq', 0),
(17, '2018-04-17 17:45:40', 1, 1, 'qqqqqqqqqqqqqqqqqqqqqqqq', 0),
(18, '2018-04-17 17:45:56', 1, 1, 'qqqqqqqqqqqqqqqqqqqqqqqq', 0),
(19, '2018-04-17 17:46:54', 1, 1, 'qqqqqqqqqqqqqqqqqqqqqqqq', 0),
(20, '2018-04-17 17:48:08', 1, 1, 'qqqqqqqqqqqqqqqqqqqqqqqq', 0),
(21, '2018-04-17 17:50:33', 1, 1, 'qqqqqqqqqqqqqqqqqqqqqqqq', 0),
(22, '2018-04-17 17:50:54', 1, 1, 'qqqqqqqqqqqqqqqqqqqqqqqq', 0),
(23, '2018-04-17 18:01:54', 1, 1, 'qqqqqqqqqqqqqqqqqqqqqqqq', 0),
(24, '2018-04-17 18:02:53', 1, 1, 'qqqqqqqqqqqqqqqqqqqqqqqq', 0),
(25, '2018-04-17 18:04:42', 1, 1, 'qqqqqqqqqqqqqqqqqqqqqqqq', 0),
(26, '2018-04-17 18:05:02', 1, 1, 'qqqqqqqqqqqqqqqqqqqqqqqq', 0),
(27, '2018-04-17 18:05:46', 1, 1, 'qqqqqqqqqqqqqqqqqqqqqqqq', 0),
(28, '2018-04-17 18:06:21', 1, 1, 'qqqqqqqqqqqqqqqqqqqqqqqq', 0),
(29, '2018-04-17 18:06:34', 1, 1, 'qqqqqqqqqqqqqqqqqqqqqqqq', 0),
(30, '2018-04-17 18:06:56', 1, 1, 'qqqqqqqqqqqqqqqqqqqqqqqq', 0),
(31, '2018-04-17 18:11:15', 1, 1, '12345', 0),
(32, '2018-04-17 18:15:13', 1, 1, '12345', 0),
(33, '2018-04-17 18:16:25', 1, 1, '12345', 0),
(34, '2018-04-17 18:16:59', 1, 1, '12345', 0),
(35, '2018-04-17 18:17:05', 1, 1, '12345', 0),
(36, '2018-04-17 18:17:56', 1, 1, '12345', 0),
(37, '2018-04-17 18:18:28', 1, 1, '12345', 0),
(38, '2018-04-17 18:18:53', 1, 1, '12345', 0),
(39, '2018-04-17 18:19:01', 1, 1, '12345', 0),
(40, '2018-04-17 18:19:14', 1, 1, '12345', 0),
(41, '2018-04-17 18:20:17', 1, 1, '12345', 0),
(42, '2018-04-17 18:20:54', 1, 1, '12345', 0),
(43, '2018-04-17 18:21:24', 1, 1, '12345', 0),
(44, '2018-04-17 18:21:44', 1, 1, '12345', 0),
(45, '2018-04-17 18:22:05', 1, 1, '12345', 0),
(46, '2018-04-17 18:22:24', 1, 1, '12345', 0),
(47, '2018-04-17 18:22:34', 1, 1, '12345', 0),
(48, '2018-04-17 18:22:49', 1, 1, '12345', 0),
(49, '2018-04-17 18:22:56', 1, 1, '12345', 0),
(50, '2018-04-17 18:23:25', 1, 1, '12345', 0),
(51, '2018-04-17 18:23:45', 1, 1, '12345', 0),
(52, '2018-04-17 18:24:24', 1, 1, '12345', 0),
(53, '2018-04-17 19:03:20', 1, 1, '12345', 0),
(54, '2018-04-17 19:06:27', 1, 1, '12345', 0),
(55, '2018-04-17 19:06:47', 1, 1, '12345', 0),
(56, '2018-04-17 19:07:06', 1, 1, '12345', 0),
(57, '2018-04-17 19:07:28', 1, 1, '12345', 0),
(58, '2018-04-17 19:07:44', 1, 1, '12345', 0),
(59, '2018-04-17 19:08:35', 1, 1, '12345', 0),
(60, '2018-04-17 19:08:50', 1, 1, '12345', 0),
(61, '2018-04-17 19:09:08', 1, 1, '12345', 0),
(62, '2018-04-17 19:09:45', 1, 1, '12345', 0),
(63, '2018-04-17 19:09:58', 1, 1, '12345', 0),
(64, '2018-04-17 19:29:54', 1, 1, '12345', 0),
(65, '2018-04-17 20:15:06', 1, 1, '12345', 0),
(66, '2018-04-17 20:16:00', 1, 1, '12345', 0),
(67, '2018-04-17 20:16:46', 1, 1, '12345', 0),
(68, '2018-04-17 20:17:19', 1, 1, '12345', 0),
(69, '2018-04-17 20:18:34', 1, 1, '12345', 0),
(70, '2018-04-17 20:19:40', 1, 1, '12345', 0),
(71, '2018-04-17 20:20:44', 1, 1, '12345', 0),
(72, '2018-04-17 20:21:09', 1, 1, '12345', 0),
(73, '2018-04-17 20:21:27', 1, 1, '12345', 0),
(74, '2018-04-17 20:21:55', 1, 1, '12345', 0),
(75, '2018-04-17 20:22:48', 1, 1, '12345', 0),
(76, '2018-04-17 20:23:12', 1, 1, '12345', 0),
(77, '2018-04-17 20:23:21', 1, 1, '12345', 0),
(78, '2018-04-17 20:24:13', 1, 1, '12345', 0),
(79, '2018-04-17 20:24:20', 1, 1, '12345', 0),
(80, '2018-04-17 20:24:30', 1, 1, '12345', 0),
(81, '2018-04-17 20:26:43', 1, 1, '12345', 0),
(82, '2018-04-17 20:27:03', 1, 1, '12345', 0),
(83, '2018-04-17 20:27:19', 1, 1, '12345', 0),
(84, '2018-04-17 20:27:52', 1, 1, '12345', 0),
(85, '2018-04-17 20:28:27', 1, 1, '12345', 0),
(86, '2018-04-17 20:28:54', 1, 1, '12345', 0),
(87, '2018-04-17 20:29:13', 1, 1, '12345', 0),
(88, '2018-04-17 20:29:52', 1, 1, '12345', 0),
(89, '2018-04-17 20:31:02', 1, 1, '12345', 0),
(90, '2018-04-17 20:31:46', 1, 1, '12345', 0),
(91, '2018-04-17 20:32:02', 1, 1, '12345', 0),
(92, '2018-04-17 20:32:15', 1, 1, '12345', 0),
(93, '2018-04-17 20:32:43', 1, 1, '12345', 0),
(94, '2018-04-17 20:33:47', 1, 1, '12345', 0),
(95, '2018-04-17 20:34:25', 1, 1, '12345', 0),
(96, '2018-04-17 20:34:48', 1, 1, '12345', 0),
(97, '2018-04-17 20:35:29', 1, 1, '12345', 0),
(98, '2018-04-17 20:36:20', 1, 1, '12345', 0),
(99, '2018-04-17 20:36:56', 1, 1, '12345', 0),
(100, '2018-04-17 20:39:46', 1, 1, '12345', 0),
(101, '2018-04-17 20:42:35', 1, 1, '12345', 0),
(102, '2018-04-17 21:03:30', 1, 1, '12345', 0),
(103, '2018-04-17 21:04:50', 1, 1, '12345', 0),
(104, '2018-04-17 21:41:02', 1, 1, '12345', 0),
(105, '2018-04-17 21:41:17', 1, 1, '12345', 0),
(106, '2018-04-17 21:41:56', 1, 1, '12345', 0),
(107, '2018-04-17 21:42:56', 1, 1, '12345', 0),
(108, '2018-04-17 21:44:38', 1, 1, '12345', 0),
(109, '2018-04-17 21:45:12', 1, 1, '12345', 0),
(110, '2018-04-17 21:45:41', 1, 1, '12345', 0),
(111, '2018-04-17 21:46:10', 1, 1, '12345', 0),
(112, '2018-04-17 21:46:22', 1, 1, '12345', 0),
(113, '2018-04-17 21:46:34', 1, 1, '12345', 0),
(114, '2018-04-17 21:47:07', 1, 1, '12345', 0),
(115, '2018-04-17 21:47:32', 1, 1, '12345', 0),
(116, '2018-04-17 21:47:51', 1, 1, '12345', 0),
(117, '2018-04-17 21:49:18', 1, 1, '12345', 0),
(118, '2018-04-17 21:49:43', 1, 1, '12345', 0),
(119, '2018-04-17 21:50:31', 1, 1, '12345', 0),
(120, '2018-04-17 21:52:32', 1, 1, '12345', 0),
(121, '2018-04-17 21:52:56', 1, 1, '12345', 0),
(122, '2018-04-17 21:53:11', 1, 1, '12345', 0),
(123, '2018-04-17 21:53:38', 1, 1, '12345', 0),
(124, '2018-04-17 21:53:52', 1, 1, '12345', 0),
(125, '2018-04-17 21:54:16', 1, 1, '12345', 0),
(126, '2018-04-17 21:54:57', 1, 1, '12345', 0),
(127, '2018-04-17 21:55:08', 1, 1, '12345', 0),
(128, '2018-04-17 21:57:43', 1, 1, '12345', 0),
(129, '2018-04-17 21:59:13', 1, 1, '12345', 0),
(130, '2018-04-17 22:30:04', 1, 1, '12345', 0),
(131, '2018-04-17 22:33:42', 1, 1, '12345', 0),
(132, '2018-04-17 22:35:24', 1, 1, '12345', 0),
(133, '2018-04-17 22:37:08', 1, 1, '12345', 0),
(134, '2018-04-17 22:37:13', 1, 1, '12345', 0),
(135, '2018-04-17 22:38:43', 1, 1, '12345', 0),
(136, '2018-04-17 22:39:19', 1, 1, '12345', 0),
(137, '2018-04-17 22:41:46', 1, 1, '12345', 0),
(138, '2018-04-17 22:44:09', 1, 1, '12345', 0),
(139, '2018-04-17 22:44:31', 1, 1, '12345', 0),
(140, '2018-04-17 22:45:08', 1, 1, '12345', 0),
(141, '2018-04-18 00:04:06', 1, 1, '12345', 0),
(142, '2018-04-18 00:07:42', 1, 1, '12345', 0),
(143, '2018-04-18 00:08:24', 1, 1, '12345', 0),
(144, '2018-04-18 00:08:25', 1, 1, '12345', 0),
(145, '2018-04-18 00:08:37', 1, 1, '12345', 0),
(146, '2018-04-18 00:09:51', 1, 1, '12345', 0),
(147, '2018-04-18 00:10:11', 1, 1, '12345', 0),
(148, '2018-04-18 00:12:56', 1, 1, '12345', 0),
(149, '2018-04-18 00:13:22', 1, 1, '12345', 0),
(150, '2018-04-18 00:18:29', 1, 1, '12345', 0),
(151, '2018-04-18 02:08:49', 1, 2, '', 0),
(152, '2018-04-18 02:09:47', 1, 2, '', 0),
(153, '2018-04-18 02:09:53', 1, 2, 'adasd', 0),
(154, '2018-04-18 02:10:16', 1, 2, 'adasd', 0),
(155, '2018-04-18 02:11:29', 1, 3, 'adasd', 0),
(156, '2018-04-18 02:11:33', 1, 3, 'asdasdasdasd', 0),
(157, '2018-04-18 02:11:35', 1, 3, 'asdasdasd', 0),
(158, '2018-04-18 02:11:58', 1, 3, 'asdasda', 0),
(159, '2018-04-18 02:12:18', 1, 3, 'asdasda', 0),
(160, '2018-04-18 02:14:45', 1, 3, '11111111111111111111111111112222222222222222222222222222222', 0),
(161, '2018-04-18 02:14:57', 1, 3, '44444444444444444444444444444444', 0),
(162, '2018-04-18 02:15:09', 1, 3, '44444444444444444444444444444444', 0),
(163, '2018-04-18 02:15:48', 1, 3, '1', 0),
(164, '2018-04-18 02:16:05', 1, 3, '6666666666666666666666666666666666666666666666666666666', 0),
(165, '2018-04-18 02:16:46', 1, 3, '1', 0),
(166, '2018-04-18 02:16:56', 1, 3, '1', 0),
(167, '2018-04-19 22:26:02', 1, 3, 'asdasd', 0),
(168, '2018-04-19 22:26:12', 1, 3, 'asdasd', 0),
(169, '2018-04-20 11:52:17', 1, 3, 'lfhjdf\\', 0),
(170, '2018-04-20 11:52:26', 1, 3, 'lfhjdf\\', 0),
(171, '2018-04-20 11:54:08', 14, 4, 'asdasdasdasdaaaaaaaa', 0),
(172, '2018-04-20 11:54:17', 14, 4, 'asdasdasdasdaaaaaaaa', 0),
(173, '2018-04-20 11:56:39', 14, 4, 'asdasdasdasdaaaaaaaa', 0),
(174, '2018-04-20 11:57:03', 14, 4, 'asdasdasdasdaaaaaaaa', 0),
(175, '2018-04-20 11:57:13', 14, 4, 'eeeeeeeeeee', 0),
(176, '2018-04-20 12:10:36', 14, 15, 'Привет', 0),
(177, '2018-04-20 12:11:05', 15, 14, 'Привет', 0),
(178, '2018-04-20 12:11:16', 14, 15, 'Привет', 0),
(179, '2018-04-20 12:11:20', 14, 15, 'Привет', 0),
(180, '2018-04-20 12:11:26', 15, 14, 'Привет', 0),
(181, '2018-04-20 12:14:30', 14, 15, 'Привет', 0),
(182, '2018-04-20 12:19:21', 14, 15, 'Привет', 0),
(183, '2018-04-20 12:19:41', 14, 15, 'asdasd', 0),
(184, '2018-04-20 12:20:50', 14, 15, 'asdasd', 0),
(185, '2018-04-20 12:22:57', 14, 15, 'asdasd', 0),
(186, '2018-04-20 12:23:10', 14, 15, 'asdasd', 0),
(187, '2018-04-20 12:24:04', 14, 15, 'asdasd', 0),
(188, '2018-04-20 12:25:14', 14, 15, 'asdasd', 0),
(189, '2018-04-20 12:26:19', 14, 15, 'asdasd', 0),
(190, '2018-04-20 12:29:00', 14, 15, 'asdasd', 0),
(191, '2018-04-20 12:29:40', 14, 15, 'asdasd', 0),
(192, '2018-04-20 12:29:40', 14, 15, 'asdasd', 0),
(193, '2018-04-20 12:39:10', 14, 15, 'asdasd', 0),
(194, '2018-04-20 12:39:53', 14, 15, 'asdasd', 0),
(195, '2018-04-20 12:40:40', 14, 15, 'asdasd', 0),
(196, '2018-04-20 12:41:21', 14, 4, 'asdasd', 0),
(197, '2018-04-20 12:43:23', 14, 4, 'asdasd', 0),
(198, '2018-04-20 12:45:58', 14, 4, 'asdasd', 0),
(199, '2018-04-20 12:47:23', 14, 4, 'asdasd', 0),
(200, '2018-04-20 12:47:45', 14, 4, 'asdasd', 0),
(201, '2018-04-20 12:49:07', 14, 4, 'asdasd', 0),
(202, '2018-04-20 12:49:45', 14, 4, 'asdasd', 0),
(203, '2018-04-20 12:50:07', 14, 4, 'asdasd', 0),
(204, '2018-04-20 12:50:55', 14, 4, 'asdasd', 0),
(205, '2018-04-20 12:52:21', 15, 14, 'Привет', 0),
(206, '2018-04-20 12:52:28', 14, 4, 'asdasd', 0),
(207, '2018-04-20 12:53:20', 15, 14, 'Привет', 0),
(208, '2018-04-20 12:53:43', 15, 14, 'Привет', 0),
(209, '2018-04-20 12:54:04', 15, 14, 'Привет', 0),
(210, '2018-04-20 12:55:06', 15, 14, '123', 0),
(211, '2018-04-20 12:55:15', 14, 4, 'asdasd', 0),
(212, '2018-04-20 12:55:27', 14, 4, 'asd123', 0),
(213, '2018-04-20 12:55:39', 15, 14, '123', 0),
(214, '2018-04-20 12:55:52', 15, 14, 'ee', 0),
(215, '2018-04-20 12:56:10', 14, 15, 'qq', 0),
(216, '2018-04-20 12:57:31', 15, 14, 'ee', 0),
(217, '2018-04-20 12:59:03', 15, 14, 'ee', 1),
(218, '2018-04-20 12:59:17', 14, 15, 'qq', 1),
(219, '2018-04-20 13:01:42', 14, 15, 'qq', 1),
(220, '2018-04-20 13:05:45', 15, 14, 'ee', 1),
(221, '2018-04-20 13:06:14', 15, 14, 'ee', 1),
(222, '2018-04-20 13:08:51', 15, 14, 'ee', 0),
(223, '2018-04-20 13:09:00', 15, 14, 'asdasd', 0),
(224, '2018-04-20 13:11:41', 14, 15, 'qq', 0),
(225, '2018-04-20 13:11:50', 14, 15, 'asdasdasdasdaaaaaaaa', 0),
(226, '2018-04-20 13:12:02', 15, 14, 'asdasd', 0),
(227, '2018-04-20 13:14:50', 15, 14, 'asdasd', 0),
(228, '2018-04-20 13:14:54', 15, 14, 'asdasd', 0),
(229, '2018-04-20 13:15:07', 14, 15, 'asdasdasdasdaaaaaaaa', 0),
(230, '2018-04-20 13:15:16', 14, 15, 'дарова', 0),
(231, '2018-04-20 13:15:23', 15, 14, 'asdasd', 0),
(232, '2018-04-20 13:17:57', 15, 14, 'asdasd', 0),
(233, '2018-04-20 13:18:02', 15, 14, 'asdasd', 0),
(234, '2018-04-20 13:18:06', 15, 14, 'asdasd', 0),
(235, '2018-04-20 13:18:11', 14, 15, 'дарова', 0),
(236, '2018-04-20 13:19:25', 15, 14, 'asdasd', 0),
(237, '2018-04-20 13:21:25', 15, 14, 'asdasd', 0),
(238, '2018-04-20 18:35:28', 15, 14, 'czxcxczx', 0),
(239, '2018-04-20 18:35:54', 15, 14, 'эй', 0),
(240, '2018-04-20 18:36:01', 15, 14, 'эй', 0),
(241, '2018-04-20 18:40:32', 15, 14, 'эй', 0),
(242, '2018-04-20 18:41:47', 15, 14, 'эй', 0),
(243, '2018-04-20 18:42:53', 15, 14, 'эй', 0),
(244, '2018-04-20 18:43:15', 15, 14, 'эй', 0),
(245, '2018-04-20 18:43:36', 15, 14, 'эй', 0),
(246, '2018-04-20 18:44:32', 15, 14, 'эй', 0),
(247, '2018-04-20 18:44:56', 15, 14, 'эй', 0),
(248, '2018-04-20 18:45:15', 15, 14, 'эй', 0),
(249, '2018-04-20 18:45:40', 15, 14, 'эй', 0),
(250, '2018-04-20 18:45:54', 15, 14, 'эй', 0),
(251, '2018-04-20 18:46:52', 15, 14, 'эй', 0),
(252, '2018-04-20 18:47:09', 15, 14, 'эй', 0),
(253, '2018-04-20 18:47:26', 15, 14, 'qwerttt', 0),
(254, '2018-04-20 18:49:20', 15, 14, 'qwerttt', 0),
(255, '2018-04-20 18:49:32', 15, 14, 'qwerttt', 0),
(256, '2018-04-20 18:49:51', 15, 14, 'qwerttt', 0),
(257, '2018-04-20 18:49:55', 15, 14, 'adsasd', 0),
(258, '2018-04-20 18:50:47', 14, 15, 'qwerdsaxczxczxczczxczxczc', 0),
(259, '2018-04-20 18:50:53', 15, 14, 'adsasd', 0),
(260, '2018-04-20 18:55:31', 14, 15, 'qwerdsaxczxczxczczxczxczc', 0),
(261, '2018-04-20 18:55:41', 14, 15, 'asdasd', 0),
(262, '2018-04-20 18:56:16', 14, 15, 'asdasd', 0),
(263, '2018-04-20 18:56:20', 14, 15, 'asdasd', 0),
(264, '2018-04-20 18:57:42', 14, 15, 'asdasd', 0),
(265, '2018-04-20 18:58:23', 14, 15, 'asdasd', 0),
(266, '2018-04-20 18:58:54', 14, 15, 'asdasd', 0),
(267, '2018-04-20 18:59:01', 14, 15, 'asdasd', 0),
(268, '2018-04-20 19:03:21', 14, 15, 'asdasd', 0),
(269, '2018-04-20 19:03:23', 14, 15, '', 0),
(270, '2018-04-20 19:03:26', 14, 15, 's', 0),
(271, '2018-04-20 19:04:39', 14, 15, 's', 0),
(272, '2018-04-20 19:04:45', 14, 15, 'sadad', 0),
(273, '2018-04-20 19:06:11', 14, 15, 'sadad', 0),
(274, '2018-04-20 19:07:28', 14, 15, 'sadad', 0),
(275, '2018-04-20 19:07:32', 14, 15, 'asdasd', 0),
(276, '2018-04-20 19:08:14', 14, 15, 'asdasd', 0),
(277, '2018-04-20 19:08:19', 14, 15, 'asdsad', 0),
(278, '2018-04-20 19:08:22', 14, 15, 'q', 0),
(279, '2018-04-20 19:08:47', 14, 15, '', 0),
(280, '2018-04-20 19:09:14', 14, 15, '', 0),
(281, '2018-04-20 19:09:22', 14, 15, 'adas', 0),
(282, '2018-04-20 19:13:37', 14, 15, 'adas', 0),
(283, '2018-04-20 19:13:44', 14, 15, 'asd', 0),
(284, '2018-04-20 19:17:24', 14, 15, 'asd', 0),
(285, '2018-04-20 19:17:39', 14, 15, '123', 0),
(286, '2018-04-20 19:18:52', 14, 15, '123', 0),
(287, '2018-04-20 19:19:48', 14, 15, '123', 0),
(288, '2018-04-20 19:19:53', 14, 15, '123', 0),
(289, '2018-04-20 19:20:06', 14, 15, '123', 0),
(290, '2018-04-20 19:20:28', 14, 15, '123', 0),
(291, '2018-04-20 19:21:41', 14, 15, '123', 0),
(292, '2018-04-20 19:21:42', 14, 15, '', 0),
(293, '2018-04-20 19:22:16', 14, 15, '', 0),
(294, '2018-04-20 19:32:34', 14, 15, '', 0),
(295, '2018-04-24 17:42:20', 14, 1, '', 0),
(296, '2018-04-24 18:29:25', 14, 1, '', 0),
(297, '2018-04-24 18:51:45', 14, 1, 'asdasd', 0),
(298, '2018-04-24 18:51:53', 14, 1, 'qqq', 0),
(299, '2018-04-24 20:52:30', 14, 15, '111111111111', 0),
(300, '2018-04-24 20:53:05', 15, 14, '12345678', 0),
(301, '2018-04-24 20:58:00', 14, 15, '777', 0),
(302, '2018-04-24 21:17:09', 14, 15, 'asdasdasd', 0),
(303, '2018-04-24 21:17:43', 15, 14, '111111111111111', 0),
(304, '2018-04-24 23:28:49', 15, 14, 'qw', 0),
(305, '2018-04-24 23:29:02', 15, 14, 'ad', 0),
(306, '2018-04-24 23:34:36', 15, 14, 'asdasd', 0),
(307, '2018-04-27 16:54:52', 16, 9, 'asdasd', 0),
(308, '2018-04-27 16:54:58', 16, 11, 'adasd', 0),
(309, '2018-04-27 16:55:26', 16, 10, 'qwqwqw', 0),
(310, '2018-04-27 16:58:43', 16, 17, 'qwqweqweqwe', 0),
(311, '2018-04-27 16:59:05', 17, 16, 'adasd1111111111111111', 0),
(312, '2018-04-27 17:27:27', 17, 16, '123', 0),
(313, '2018-04-27 17:28:02', 16, 17, 'wwwwwwwwwww', 0),
(314, '2018-04-27 17:31:47', 17, 16, 'asdasd', 0),
(315, '2018-04-27 17:46:13', 17, 16, 'asdasd', 0),
(316, '2018-05-03 21:14:27', 18, 1, 'го курить', 0),
(317, '2018-05-03 21:15:19', 16, 11, 'adasdasdasdasd', 0),
(318, '2018-05-03 21:15:49', 16, 18, 'го курить ', 0),
(319, '2018-05-03 21:16:30', 18, 16, 'го хуле', 0),
(320, '2018-05-04 13:36:09', 19, 16, 'Привет', 0),
(321, '2018-05-04 13:51:56', 16, 19, 'lfhjdf', 0),
(322, '2018-05-04 15:06:53', 19, 16, '123456', 0),
(323, '2018-05-04 15:28:06', 19, 16, '123456', 0),
(324, '2018-05-04 16:46:51', 16, 11, 'asds', 0),
(325, '2018-05-04 16:47:55', 16, 11, 'asdasd', 0),
(326, '2018-05-04 16:51:54', 19, 16, 'asdasd', 0),
(327, '2018-05-08 13:23:59', 16, 11, 'цуавыфыуа', 0),
(328, '2018-05-11 21:06:53', 16, 1, 'эй пля ', 0),
(329, '2018-06-04 02:24:21', 16, 9, 'asdasd', 0),
(330, '2018-06-04 02:28:39', 16, 9, 'asdasdasd', 0),
(331, '2018-06-04 02:29:05', 16, 9, 'asdasd', 0),
(332, '2018-06-04 02:29:44', 16, 9, 'asdasd', 0),
(333, '2018-06-04 02:49:01', 16, 9, 'asdasd', 0),
(334, '2018-06-04 02:49:12', 16, 9, 'asdasd', 0);

-- --------------------------------------------------------

--
-- Структура таблицы `posts`
--

CREATE TABLE `posts` (
  `id` int(11) NOT NULL,
  `title` text NOT NULL,
  `description` text NOT NULL,
  `content` text NOT NULL,
  `likes` int(11) NOT NULL,
  `date` varchar(32) NOT NULL,
  `image` text NOT NULL,
  `user_id` int(11) NOT NULL DEFAULT '0'
) ENGINE=InnoDB DEFAULT CHARSET=utf8;

--
-- Дамп данных таблицы `posts`
--

INSERT INTO `posts` (`id`, `title`, `description`, `content`, `likes`, `date`, `image`, `user_id`) VALUES
(4, 'Подсистема UBUNTU на ОС WINDOWS 10', '', 'Windows 10 позволит запускать в контейнере UbuntuСегодня в 18:00 по московскому времени началась конференция Microsoft Build 2016 для разработчиков по всему миру и на ней ожидается много анонсов и новостей.Это подтверждает некоторые слухи о том, что Microsoft и Canonical позволят запускать прямо в Windows 10 операционную систему Ubuntu Linux, правда о полноценном графическом интерфейсе ОС скорее всего речи не идет, будет доступна командная строка, впрочем уже сегодня-завтра мы все узнаем.Интересно было бы увидеть подсистему Linux на Windows 10 Mobile, это могло бы стать одним из возможных путей запуска Android-приложений, также в случае наличия графической оболочки у Ubuntu на мобильной Windows 10, можно было бы объединиться для продвижения смартфонов с возможностью работать на ОС от Microsoft или на ОС от Canonical.', 1, '2018-04-06', '', 1),
(9, ' ОС от Microsoft или на ОС от Canonical.', '', 'Windows 10 позволит запускать в контейнере UbuntuСегодня в 18:00 по московскому времени началась конференция Microsoft Build 2016 для разработчиков по всему миру и на ней ожидается много анонсов и новостей.Это подтверждает некоторые слухи о том, что Microsoft и Canonical позволят запускать прямо в Windows 10 операционную систему Ubuntu Linux, правда о полноценном графическом интерфейсе ОС скорее всего речи не идет, будет доступна командная строка, впрочем уже сегодня-завтра мы все узнаем.Интересно было бы увидеть подсистему Linux на Windows 10 Mobile, это могло бы стать одним из возможных путей запуска Android-приложений, также в случае наличия графической оболочки у Ubuntu на мобильной Windows 10, можно было бы объединиться для продвижения смартфонов с возможностью работать на ОС от Microsoft или на ОС от Canonical.', 0, '2018-04-20', '', 14),
(18, 'Заголовок тестовой записи ', '', 'Содержание (контент) тестовой записи \r\nНа странице она должна быть под номером №2', 0, '2018-04-24', '', 14),
(19, 'aaaaaaaaaaaaaaaaaaa', '', 'adasdasdasdddddddddddddddd asddddddddddddd sadddddddd', 0, '2018-04-25', '', 14),
(20, '1212312312', '', '123123123123', 0, '2018-04-27', '', 17),
(21, '123123', '', '123123123', 0, '2018-04-27', '', 17),
(22, 'asdasd', '', 'asds', 0, '2018-04-27', '', 17),
(23, 'asdas', '', 'asdasd', 0, '2018-04-27', '', 17),
(24, 'asdasd', '', 'asdasddasasd', 0, '2018-04-27', '', 17),
(37, 'ssdas', '', 'asdasdasd', 0, '2018-05-04', '', 18),
(51, 'qweqweqwe', '', 'qeqweqwe', 0, '2018-05-04', '', 19),
(53, 'asasdasdasd', '', 'asasdasd', 0, '2018-05-04', '', 19),
(61, 'czxCZXcz', '', 'XczxCZXCZXc', 0, '2018-05-08', '', 20),
(63, 'asdasd', '', 'asdsd', 17, '2018-05-08', '', 20),
(83, '12345678', '', 'цйфцвяауып ы', 5, '2018-05-21', '', 16),
(84, 'asdasd', '', 'asdasd', 0, '2018-06-08', '', 16),
(85, '1111111111', '', '11', 1, '2018-06-08', '', 16),
(86, 'sadsad', '', 'asdasd', 0, '2018-06-09', '', 16);

-- --------------------------------------------------------

--
-- Структура таблицы `users`
--

CREATE TABLE `users` (
  `id` int(11) NOT NULL,
  `first_name` text NOT NULL,
  `last_name` text NOT NULL,
  `email` text NOT NULL,
  `login` text NOT NULL,
  `password` text NOT NULL,
  `avatar` varchar(32) NOT NULL DEFAULT 'avatar_none.png',
  `active` tinyint(1) NOT NULL,
  `blog_name` text NOT NULL,
  `status` varchar(32) NOT NULL
) ENGINE=InnoDB DEFAULT CHARSET=utf8;

--
-- Дамп данных таблицы `users`
--

INSERT INTO `users` (`id`, `first_name`, `last_name`, `email`, `login`, `password`, `avatar`, `active`, `blog_name`, `status`) VALUES
(1, 'Никита', 'Золовкин', '', 'admin', '1234', 'file-1523904061.jpg', 0, '', 'admin'),
(3, 'qwer', 'qwer', 'qwer', 'qwer', 'qwer', '', 1, '', ''),
(4, 'Name', 'Lastname', 'email@email.com', 'user', 'qwer', 'file-1523052504.jpg', 0, '', ''),
(5, 'q', 'q', 'q', 'q', 'q', 'file-1523624797.jpg', 0, '', ''),
(6, 'qqq', 'qqq', 'qqq@qmail.com', 'qqq', 'qqq', '', 0, '', ''),
(7, 'qqq', 'qqq', 'qqq@qmail.com', 'qqq', 'qqq', '', 0, '', ''),
(8, 'qqq', 'qqq', 'qqq', 'qqq', 'qqq', '', 0, '', ''),
(9, 'Иван', 'Иванов', 'ivan@gmail.com', 'ivan', '1234', '', 0, '', ''),
(10, 'qq', 'qq', 'qq@qq', 'qq', 'qq', '', 0, '', ''),
(11, 'sasha', 'san', 'san@sasha', 'san', '202cb962ac59075b964b07152d234b70', '', 0, '', ''),
(12, 'admin', 'aaa', 'aaa@aaa', 'admin', 'b59c67bf196a4758191e42f76670ceba', '', 0, '', ''),
(13, 'qqqasdsadasddas', 'qqq', 'qqqq@qqqqq', 'qqqasasdasd', 'd41d8cd98f00b204e9800998ecf8427e', '', 0, '', ''),
(14, 'adm', 'nik', 'nik@ya.ru', 'adm', '1992acda0f04897b1db05bd5976ab2d1', 'file-1524231823.jpg', 0, 'IT технологии', ''),
(15, 'Никита', 'Золовкин', 'moder@moder.ru', 'moder', '111', '', 0, '', ''),
(16, 'Никита', 'Золовкин', 'zolowkin.nikita@yandex.ru', 'nikita', '81dc9bdb52d04dc20036dbd8313ed055', 'file-1528554981.jpg', 1, 'sfsdfsdf', ''),
(17, 'new', 'new', 'new@new', 'new', '81dc9bdb52d04dc20036dbd8313ed055', '', 1, '123', ''),
(18, 'Caня', 'Aybcbvjd', 'san@qwqweqwe.ru', 'sanya', '81dc9bdb52d04dc20036dbd8313ed055', 'file-1525382001.jpg', 1, 'Как мутить кекиус', ''),
(19, 'Новый', 'Пользователь', 'new@qnew', 'new1', '81dc9bdb52d04dc20036dbd8313ed055', 'file-1525440013.jpg', 0, 'Новый блог', ''),
(20, '1234', '1234', '1234@1234', '1234', '81dc9bdb52d04dc20036dbd8313ed055', 'file-1525791368.jpg', 1, '', ''),
(21, '2222', '2222', '2222@2222', '2222', '934b535800b1cba8f96a5d72f72f1611', 'avatar_none.png', 1, '', '');

--
-- Индексы сохранённых таблиц
--

--
-- Индексы таблицы `comments`
--
ALTER TABLE `comments`
  ADD PRIMARY KEY (`id`);

--
-- Индексы таблицы `friends`
--
ALTER TABLE `friends`
  ADD PRIMARY KEY (`id`);

--
-- Индексы таблицы `messages`
--
ALTER TABLE `messages`
  ADD PRIMARY KEY (`id`);

--
-- Индексы таблицы `posts`
--
ALTER TABLE `posts`
  ADD PRIMARY KEY (`id`);

--
-- Индексы таблицы `users`
--
ALTER TABLE `users`
  ADD PRIMARY KEY (`id`);

--
-- AUTO_INCREMENT для сохранённых таблиц
--

--
-- AUTO_INCREMENT для таблицы `comments`
--
ALTER TABLE `comments`
  MODIFY `id` int(11) NOT NULL AUTO_INCREMENT, AUTO_INCREMENT=148;
--
-- AUTO_INCREMENT для таблицы `friends`
--
ALTER TABLE `friends`
  MODIFY `id` int(11) NOT NULL AUTO_INCREMENT, AUTO_INCREMENT=38;
--
-- AUTO_INCREMENT для таблицы `messages`
--
ALTER TABLE `messages`
  MODIFY `id` int(11) NOT NULL AUTO_INCREMENT, AUTO_INCREMENT=335;
--
-- AUTO_INCREMENT для таблицы `posts`
--
ALTER TABLE `posts`
  MODIFY `id` int(11) NOT NULL AUTO_INCREMENT, AUTO_INCREMENT=90;
--
-- AUTO_INCREMENT для таблицы `users`
--
ALTER TABLE `users`
  MODIFY `id` int(11) NOT NULL AUTO_INCREMENT, AUTO_INCREMENT=22;
/*!40101 SET CHARACTER_SET_CLIENT=@OLD_CHARACTER_SET_CLIENT */;
/*!40101 SET CHARACTER_SET_RESULTS=@OLD_CHARACTER_SET_RESULTS */;
/*!40101 SET COLLATION_CONNECTION=@OLD_COLLATION_CONNECTION */;
